age,gender,height_cm,weight_kg,activity_level,goal,target_calories
42,1,190.9,118.54,4,0,3347.49
22,0,193.9,77.66,2,2,3122.39
65,1,180.09,96.37,0,1,2043.5
29,0,157.32,82.49,4,2,3521.4
54,0,163.65,105.03,0,1,2148.41
62,0,176.35,54.05,1,0,1333.34
40,0,196.81,90.04,2,0,2357.73
28,1,192.5,95.97,2,0,2488.01
65,0,167.38,99.27,2,1,2480.53
38,1,155.92,63.67,4,2,2635.35
53,1,151.23,57.75,3,2,2206.29
64,1,199.33,85.44,1,1,2307.51
33,1,175.63,56.44,0,2,1686.17
45,0,169.19,118.5,4,1,4010.33
69,0,186.87,118.68,4,2,4020.35
33,0,170.35,52.76,1,1,2005.45
31,0,197.83,105.48,2,1,3394.37
69,0,166.26,90.75,0,2,2282.83
34,1,155.74,78.25,3,1,2435.77
36,0,197.15,90.4,1,2,2759.48
65,1,154.7,87.92,0,2,1940.71
23,1,190.89,112.59,0,0,1863.58
69,0,160.1,66.94,0,0,1234.96
42,0,196.86,115.68,4,0,3876.97
32,1,173.2,102.57,1,1,2536.5
46,0,174.03,63.12,2,2,2718.45
22,1,167.3,68.73,0,1,1834.15
39,1,169.81,83.84,0,2,2100.66
27,1,192.53,62.56,4,0,2493.35
53,1,193.4,99.92,0,2,2449.47
34,0,190.89,69.3,2,1,2569.22
63,1,158.11,106.36,3,0,2161.63
34,0,183.09,68.93,4,1,3194.69
29,1,153.07,86.26,3,1,2680.22
45,0,164.35,72.76,2,2,2824.16
44,1,175.37,58.84,1,2,2070.0
40,0,195.45,89.1,4,0,3181.45
39,1,169.8,80.35,3,2,2848.66
50,0,182.94,94.55,1,2,2790.07
53,0,189.12,88.01,4,2,3720.89
32,1,179.62,110.07,1,2,3002.96
54,0,162.88,102.58,1,1,2336.18
45,1,151.81,64.62,3,0,1500.92
19,0,190.25,61.71,1,1,2401.52
33,1,183.63,103.33,3,0,2735.48
41,1,181.31,86.5,0,2,2135.8
53,0,183.38,66.27,1,2,2416.35
51,0,189.74,117.4,1,1,2882.89
25,1,197.54,99.26,4,0,3313.61
59,0,152.08,102.93,2,1,2561.19
65,1,182.73,111.09,0,0,1561.76
20,1,158.3,55.68,3,1,2136.68
46,1,154.65,113.14,2,1,2512.41
50,1,159.9,63.93,1,0,1098.45
59,1,170.68,101.65,4,0,2610.69
52,1,182.94,78.12,4,0,2309.8
63,1,196.85,79.16,0,0,1283.42
60,1,158.29,68.8,3,2,2379.25
33,0,182.55,55.29,0,1,1779.25
25,0,167.39,87.86,0,2,2547.71
42,1,158.24,103.11,3,2,3239.06
21,0,166.17,53.8,1,1,2157.5
58,1,151.56,109.66,4,0,2528.11
20,1,151.83,78.67,2,0,1791.79
25,1,153.66,77.06,4,0,2213.59
47,1,163.6,90.02,0,2,2153.72
42,0,183.82,99.65,3,2,3732.23
52,1,182.37,51.34,2,1,1899.5
65,0,173.8,66.93,2,0,1645.9
58,0,194.9,83.38,4,1,3396.49
18,0,160.05,56.25,4,2,3042.83
59,1,184.28,111.53,1,1,2521.79
34,0,155.7,80.24,3,1,2923.44
51,0,188.67,75.98,3,2,3308.54
33,1,172.36,96.01,4,0,2778.01
40,0,193.93,107.51,0,1,2495.64
30,1,161.42,92.27,0,0,1407.47
27,1,170.71,55.29,4,2,2762.92
48,1,184.02,69.71,0,1,1588.05
26,0,170.63,71.21,0,0,1434.44
43,0,155.05,82.06,0,2,2299.15
64,0,180.17,88.11,4,0,2599.61
43,0,193.54,69.28,1,0,1686.34
43,1,150.25,58.13,4,2,2585.93
49,0,168.55,75.33,4,0,2457.28
62,0,192.33,114.28,2,1,3121.26
44,0,183.41,84.46,1,2,2715.94
42,0,156.82,93.73,4,2,3364.72
66,0,181.58,84.02,0,2,2380.24
58,1,155.27,78.57,3,1,2249.75
38,1,173.2,64.18,1,2,2193.9
22,1,178.03,55.49,4,1,2595.59
56,1,157.62,103.27,3,1,2648.88
56,0,159.59,94.07,1,2,2693.87
47,0,168.99,118.65,3,2,3858.13
49,1,153.47,50.01,1,0,942.68
46,1,175.97,92.7,1,1,2380.41
30,0,191.13,78.2,1,0,2077.97
56,1,178.29,72.0,2,2,2466.96
30,0,156.64,69.65,1,0,1622.62
36,0,170.15,54.07,4,0,2102.68
40,0,151.18,118.53,2,0,2479.48
36,0,177.89,108.99,3,1,3490.03
59,0,191.99,55.38,1,2,2202.81
54,1,172.43,65.7,4,0,1889.2
22,0,174.89,97.61,4,2,3748.12
50,1,178.35,65.94,2,0,1614.63
48,0,189.04,74.37,3,0,2418.04
44,0,187.84,99.46,2,2,3491.63
18,0,175.31,51.19,2,0,1741.98
21,1,165.31,102.32,4,2,3777.74
50,0,160.43,59.56,3,2,2333.65
52,0,184.75,118.19,0,1,2492.21
48,1,180.65,116.57,0,1,2337.03
68,1,199.39,91.01,3,0,2331.1
69,1,185.88,99.98,4,2,3431.75
19,0,186.66,90.4,3,1,3555.95
47,1,169.43,91.21,2,1,2658.3
30,0,199.23,80.56,1,2,2830.46
49,0,199.38,91.56,2,0,2508.81
53,1,161.04,71.33,1,0,1296.85
56,0,166.32,59.8,1,1,1835.21
58,1,160.09,87.9,4,2,2974.55
34,1,157.5,59.4,0,0,891.35
45,0,168.42,117.68,4,0,3241.7
29,1,176.05,104.73,1,2,2814.63
24,1,189.89,58.74,2,1,2316.71
54,0,153.01,112.43,0,1,2104.03
44,0,159.87,67.57,1,2,2229.73
61,1,164.58,85.87,1,1,1794.26
62,0,161.23,76.02,2,1,2212.89
41,1,191.91,63.62,2,2,2472.99
45,0,192.1,52.52,0,1,1858.49
66,0,166.23,117.06,3,0,2763.42
56,0,192.56,55.56,0,2,2066.69
53,0,193.45,89.04,2,0,2375.4
23,0,171.97,114.29,4,2,4404.1
33,0,191.12,76.54,3,1,3160.65
40,0,153.27,97.18,1,2,2581.25
54,0,155.82,101.7,2,1,2699.48
67,0,166.22,101.86,4,1,3019.15
67,0,185.45,96.1,2,0,2120.83
30,0,166.97,57.97,3,0,1988.57
29,0,189.88,92.13,2,0,2526.46
50,1,165.57,97.38,1,2,2401.55
56,1,180.55,86.58,2,1,2521.47
45,0,180.31,84.5,3,1,2782.93
21,0,162.55,86.31,4,2,3650.22
62,0,169.88,71.09,4,2,3116.24
36,0,193.53,110.63,3,2,4041.84
23,0,186.58,77.62,0,1,2055.47
57,1,160.29,98.18,3,0,2092.69
41,0,178.27,79.28,1,0,1869.05
19,1,188.52,114.27,4,2,4207.38
65,1,197.59,116.91,3,0,2827.34
54,1,174.0,99.18,2,1,2453.32
49,1,165.4,76.99,3,1,2612.36
52,0,167.67,105.62,4,1,3501.95
35,1,155.33,93.64,3,2,2803.8
18,0,180.91,67.81,0,1,1982.85
43,1,195.0,85.04,4,0,2859.12
67,1,152.89,95.25,1,2,2290.91
39,0,193.01,76.92,4,1,3408.29
39,0,184.76,55.02,1,1,2037.61
54,1,151.58,106.18,4,1,3102.15
61,0,158.04,82.99,2,0,1795.17
43,1,157.44,71.28,4,0,2031.81
18,1,174.91,53.58,2,0,1556.94
52,0,174.29,106.31,0,1,2423.15
57,1,171.84,100.29,2,0,1979.18
60,1,193.55,77.79,1,0,1637.04
53,0,171.6,102.8,3,1,3188.41
54,0,162.1,102.05,0,2,2487.88
49,0,190.74,74.17,0,1,1961.57
38,0,183.9,99.72,4,1,3720.48
53,1,193.67,109.85,4,2,3627.77
59,1,166.65,72.14,0,1,1607.18
46,0,199.86,113.75,0,1,2646.1
22,0,153.38,79.59,1,0,1711.5
43,0,171.7,115.3,1,0,2300.83
61,0,162.36,97.11,4,0,2835.63
22,0,185.12,75.33,4,1,3439.87
52,0,182.12,102.8,3,2,3715.68
50,1,198.57,95.66,0,0,1810.91
56,0,195.04,113.17,2,2,3531.62
48,1,177.27,116.6,3,2,3550.45
33,0,169.97,117.62,3,1,3684.08
52,1,180.0,66.62,1,2,2045.18
24,1,181.73,97.1,1,0,2035.15
25,1,165.28,66.13,4,2,3030.95
61,1,157.98,99.98,1,2,2280.91
54,0,155.35,95.0,3,2,3160.46
62,0,179.12,58.3,1,1,1861.84
25,1,188.05,109.9,0,1,2202.85
27,1,184.61,77.86,0,2,2180.08
45,1,167.29,96.95,4,0,2533.09
49,0,155.34,103.63,0,1,2106.13
45,1,180.35,75.05,2,1,2426.72
20,1,160.2,95.83,0,2,2224.94
62,1,176.37,88.1,2,1,2328.28
38,0,191.29,95.58,1,1,2825.58
62,0,167.75,72.23,1,1,1976.58
48,0,165.23,70.12,0,0,1013.22
47,1,196.53,95.61,0,0,1703.27
49,1,198.79,114.22,0,1,2328.68
25,0,199.0,83.66,3,1,3409.29
25,1,190.32,91.93,0,1,2186.59
38,0,166.35,87.34,0,2,2103.24
67,1,153.39,103.62,1,1,2050.41
43,1,181.18,95.09,4,1,3292.97
64,0,163.16,75.89,1,1,1964.56
64,1,173.11,92.25,2,0,1815.48
44,1,179.65,109.39,4,0,3137.55
36,0,158.35,73.84,4,0,2539.69
66,0,186.78,82.32,4,1,3005.16
56,1,156.08,105.13,1,0,1709.94
30,0,181.23,50.63,4,2,2935.04
55,1,166.73,116.3,2,2,2946.07
47,0,154.38,103.73,0,2,2661.53
39,0,174.84,81.45,2,1,2624.52
19,0,180.93,57.04,1,1,2464.0
56,1,190.8,66.83,1,0,1471.97
45,1,186.53,71.93,1,1,2174.14
50,1,171.98,103.91,4,0,2879.13
18,1,172.59,115.05,2,1,2988.23
22,1,167.06,116.92,1,1,2766.43
32,1,163.66,57.88,4,1,2466.24
64,1,198.44,110.52,4,1,3310.88
29,1,189.35,88.26,0,2,2349.01
58,1,179.27,119.16,3,1,3248.22
47,0,175.36,51.63,0,0,1215.88
51,1,180.97,90.41,2,1,2669.59
55,0,161.88,70.0,2,1,2049.58
32,1,156.42,88.68,4,0,2463.18
18,0,176.56,85.38,1,0,2128.19
41,0,192.53,84.59,0,2,2407.15
45,0,154.08,79.53,4,0,2370.28
65,1,169.01,64.03,1,1,1716.33
55,0,194.99,78.32,4,0,2767.44
49,1,160.76,97.19,0,2,2282.08
66,0,179.62,59.95,2,0,1723.77
61,1,180.98,51.23,0,0,728.7
53,0,192.86,100.64,4,0,3006.65
29,0,175.92,119.64,1,0,2453.6
62,0,198.78,108.48,3,2,3602.39
40,1,199.18,109.29,3,2,3817.59
39,1,169.72,97.57,0,1,1880.05
39,1,177.38,84.55,0,0,1578.6
48,1,186.88,113.55,1,2,2935.88
64,1,154.92,100.28,4,2,3150.34
25,0,156.07,104.82,0,2,2475.24
32,1,174.38,53.63,4,1,2674.31
40,1,176.96,119.85,2,0,2540.29
47,1,185.32,73.72,2,0,1771.36
22,1,182.84,72.32,3,1,2742.52
30,0,172.97,55.34,3,1,2471.88
51,0,178.01,80.29,0,0,1401.97
46,1,188.73,118.41,0,0,1917.56
45,1,185.91,111.84,1,0,2134.68
19,0,152.17,78.5,1,1,2326.67
35,0,171.31,102.78,4,1,3696.23
25,1,180.83,58.05,1,0,1426.23
46,0,156.54,115.99,4,2,3964.27
43,0,181.73,57.13,0,1,1839.09
69,1,164.24,64.75,2,1,1906.62
26,1,193.43,105.62,1,1,2636.26
52,0,189.83,56.57,1,2,2254.28
26,1,194.21,116.34,2,0,2711.17
43,1,175.78,111.61,4,2,3551.0
60,1,155.21,86.41,3,0,1759.14
19,1,174.18,84.13,1,0,1600.93
64,1,199.2,70.81,0,1,1798.68
42,0,160.07,51.06,0,1,1609.38
33,1,181.93,82.81,0,2,2471.22
50,1,193.93,113.66,4,2,3844.86
31,0,199.21,101.29,3,2,3904.68
40,0,170.59,55.39,2,0,1600.86
20,0,166.51,97.32,4,0,3239.68
26,1,186.68,65.78,1,2,2300.62
24,1,180.76,83.89,2,1,2587.12
53,0,162.99,60.29,4,1,2623.37
43,0,194.7,102.02,2,2,3360.77
28,0,182.92,75.05,3,0,2525.43
35,0,185.81,70.62,4,2,3426.14
40,0,190.87,72.09,1,1,2254.46
24,1,177.06,85.89,2,0,1979.4
68,1,188.05,98.59,0,0,1348.68
19,0,152.41,64.09,2,1,2298.37
62,0,177.06,70.54,4,2,3123.73
57,0,189.77,61.69,4,2,3272.98
31,1,195.32,71.47,3,1,2830.67
28,1,171.3,117.05,2,0,2556.52
18,1,190.0,103.98,4,2,3964.93
62,1,193.22,112.46,3,2,3577.08
42,0,189.03,53.52,4,1,2995.46
19,1,172.62,119.5,2,0,2736.71
19,1,161.6,58.6,4,0,2201.93
50,0,190.96,106.58,2,1,3253.22
65,1,172.49,113.43,3,2,3255.99
51,1,151.09,54.78,1,2,1919.05
24,0,164.77,84.92,3,2,3248.95
45,1,190.86,99.16,0,1,2241.01
20,0,180.52,107.99,2,1,3307.25
51,1,185.39,74.26,1,2,2425.4
23,1,153.24,77.52,1,0,1688.32
26,1,178.88,118.39,0,2,2822.69
59,1,160.28,114.83,1,1,2304.5
41,0,196.35,100.59,1,1,2813.63
31,0,160.19,77.93,1,2,2577.57
58,0,162.33,78.66,3,2,2693.57
26,1,175.99,59.98,3,1,2396.45
69,1,189.5,112.32,4,1,3472.32
21,0,186.92,117.48,2,0,3024.05
41,1,191.85,62.16,1,0,1623.13
42,1,169.69,119.57,2,0,2224.63
33,0,177.75,60.61,2,2,2748.51
20,1,163.84,87.38,2,0,2106.3
59,0,182.18,59.2,3,1,2438.85
31,1,194.12,65.01,2,2,2761.04
55,1,193.59,81.52,2,1,2516.59
68,0,161.36,103.33,4,1,3175.02
22,1,167.66,116.06,2,1,3050.4
20,0,153.45,71.69,1,0,1618.64
37,1,190.39,59.15,3,2,2727.25
62,0,154.78,69.67,2,1,2113.77
66,1,174.35,78.95,2,1,1971.41
20,1,151.31,84.74,3,0,2007.57
26,1,151.53,79.33,1,1,2008.62
37,0,186.87,87.08,2,1,2782.5
41,1,170.47,70.99,3,2,2730.04
67,1,168.38,117.44,1,0,2066.74
21,0,174.43,101.79,0,1,2363.98
30,0,155.49,99.54,4,0,3013.04
48,1,165.81,61.2,0,2,2015.19
63,0,159.31,80.64,1,1,1992.62
25,0,179.33,78.36,3,0,2713.17
43,1,153.93,63.73,0,1,1494.92
43,0,172.57,106.34,4,0,3187.59
66,1,152.16,86.17,1,1,1925.32
40,1,179.72,85.22,2,0,2165.33
28,0,198.79,107.67,2,0,2745.79
69,0,190.28,65.25,1,1,1987.71
36,1,192.72,98.47,1,1,2702.81
40,0,197.88,113.7,4,1,4117.85
22,0,156.26,108.05,3,2,3612.35
45,1,188.6,116.13,2,0,2326.81
46,0,189.1,80.29,1,0,1947.55
65,1,170.5,74.17,2,2,2302.2
68,1,199.83,65.98,1,2,2146.86
51,1,165.52,112.48,4,2,3612.97
50,0,155.87,96.84,2,0,2177.72
57,1,177.0,54.39,3,2,2540.97
36,0,164.64,52.04,2,1,2047.9
64,0,181.05,89.23,3,2,3306.03
29,0,164.11,111.0,4,0,3386.3
23,0,177.18,77.83,1,2,2762.51
36,0,169.94,57.65,4,1,2758.72
37,0,183.19,97.4,0,2,2751.66
56,1,181.63,52.32,0,1,1562.18
39,1,168.32,118.67,1,1,2658.34
69,1,185.96,54.17,3,2,2344.85
55,0,194.51,93.17,2,2,3376.59
40,0,151.21,76.64,4,1,2722.84
62,0,175.29,112.48,1,0,2121.12
53,1,185.34,94.58,1,2,2760.33
51,1,177.33,95.35,2,2,2773.28
26,1,188.22,94.84,3,1,3265.81
36,0,198.5,88.76,3,2,3704.02
25,0,188.11,105.34,2,2,3632.39
60,1,157.9,114.02,2,2,2814.45
44,0,175.89,69.38,0,1,1881.29
25,0,163.45,104.17,3,2,3677.87
30,1,180.98,107.17,0,1,2397.01
31,0,184.39,110.98,0,1,2516.62
55,0,172.43,76.27,1,1,2017.0
21,0,172.96,93.66,2,2,3288.04
31,1,157.12,94.39,4,2,3259.43
47,1,153.38,53.28,3,2,2278.74
48,0,156.09,108.39,0,1,2219.11
52,0,192.22,50.55,0,1,1721.37
52,1,184.48,81.08,1,0,1813.71
41,0,187.64,66.79,4,0,2643.69
64,1,175.86,57.18,0,0,1003.55
30,0,179.41,106.47,3,0,2865.57
49,0,189.43,103.13,4,0,3206.85
39,1,162.83,92.95,0,2,2220.75
51,1,190.3,63.95,4,1,2621.69
29,0,197.98,82.9,1,0,2299.66
61,0,181.7,65.9,4,0,2287.38
68,1,194.74,111.2,4,1,3336.19
34,0,169.55,110.03,3,2,3656.89
34,0,178.59,109.96,2,2,3398.2
52,0,164.83,117.21,3,0,2794.47
32,0,154.96,73.25,0,0,1480.77
56,0,187.57,59.22,3,2,2730.61
59,0,169.85,92.75,2,1,2629.09
52,0,157.42,82.1,2,1,2341.09
53,1,168.39,117.39,0,2,2447.22
57,1,155.28,106.5,4,1,2985.38
28,1,178.25,63.03,3,2,2783.7
39,0,184.01,107.82,4,1,3787.58
50,0,172.76,81.04,0,0,1441.59
42,1,160.78,84.22,0,2,1902.43
33,0,153.67,61.68,4,0,2031.66
53,0,184.01,68.17,0,0,1489.73
64,0,195.75,56.48,1,0,1564.43
42,0,159.11,107.48,4,1,3469.68
52,1,174.08,113.67,3,2,3294.18
41,0,150.61,68.19,2,2,2428.08
41,1,188.47,63.71,0,0,1036.61
62,1,176.32,69.23,2,2,2336.14
26,1,185.23,73.83,1,0,1835.92
40,0,186.65,111.31,3,0,3011.68
27,1,194.35,89.49,0,2,2491.93
25,0,186.42,62.27,2,0,2167.1
26,0,156.07,66.01,0,2,1945.32
31,0,157.61,111.42,2,0,2517.9
66,1,168.01,53.66,4,2,2417.76
41,0,190.18,68.96,4,2,3493.12
26,1,167.09,64.89,0,2,1769.36
41,0,186.14,99.32,4,2,4199.53
49,0,184.47,86.16,4,0,2988.83
66,0,174.82,85.34,2,1,2422.77
53,0,190.09,93.19,0,1,2200.95
20,1,184.87,99.84,2,0,2494.26
39,1,191.3,85.03,0,1,1993.62
21,1,155.13,95.72,4,1,3479.73
18,1,195.31,50.63,4,1,2521.18
38,1,161.94,116.27,0,1,2257.24
22,1,165.16,75.81,0,1,1764.7
43,1,191.11,90.8,3,1,2932.77
36,1,199.71,75.22,2,0,2020.49
40,0,196.69,77.16,1,1,2399.72
30,1,195.95,57.13,4,2,3052.73
19,0,156.96,74.71,3,0,2384.13
66,1,160.53,79.54,1,1,1607.36
29,0,166.76,74.67,1,2,2654.44
51,0,188.78,81.52,4,0,2726.87
31,1,193.14,83.35,0,1,2093.87
29,0,182.84,51.08,0,2,2105.64
45,0,175.95,107.93,4,2,3906.94
19,1,156.58,53.06,3,1,2232.88
68,1,162.99,109.9,3,1,2819.58
47,0,176.65,102.39,1,0,2193.44
61,0,190.65,54.37,2,1,2063.09
69,1,175.95,85.78,2,2,2583.62
65,0,184.79,80.38,2,2,2548.69
18,0,186.4,53.62,3,1,2822.69
21,0,168.61,77.47,0,2,2265.02
38,0,171.48,50.8,1,1,1910.84
44,1,177.77,68.03,1,0,1438.56
51,0,188.28,62.55,2,0,1955.55
18,1,163.09,97.09,4,2,3654.52
39,1,196.35,99.18,0,2,2519.5
43,0,165.84,80.41,4,1,2976.05
48,0,159.22,100.89,0,0,1405.94
68,0,199.74,70.99,1,2,2751.6
34,0,189.66,68.11,2,1,2689.64
21,1,181.82,57.56,0,1,1714.95
37,1,193.01,101.65,3,1,3119.81
32,1,151.66,83.74,1,0,1473.43
47,1,191.25,90.86,1,2,2687.19
40,0,171.37,108.69,4,1,3701.44
48,1,170.07,98.55,1,0,1859.9
68,1,151.63,108.2,1,2,2393.25
34,0,181.15,70.65,0,2,2269.14
19,1,182.2,72.52,3,2,3096.31
24,0,159.28,66.77,4,2,3191.7
46,0,170.55,70.97,3,2,2936.12
65,1,160.6,116.86,3,1,2916.92
64,1,150.47,85.48,1,1,1772.02
46,0,165.16,104.63,3,2,3520.74
53,1,194.31,101.93,4,2,3782.83
35,0,158.71,83.38,1,1,2370.76
56,1,171.52,90.02,0,2,2048.93
43,0,185.41,96.55,4,2,4107.47
32,0,167.53,73.19,4,0,2467.22
41,0,176.26,103.82,1,2,2896.83
39,0,153.26,111.81,0,2,2511.93
59,1,186.36,74.83,3,0,2132.65
40,1,152.08,80.59,0,0,1114.95
26,1,192.1,117.92,2,1,3343.4
27,0,167.77,79.77,1,2,2481.68
36,1,163.35,82.98,0,0,1319.04
35,1,185.38,100.01,0,1,2238.7
64,0,181.59,62.24,4,0,2226.44
66,1,171.41,66.94,0,0,938.83
22,0,180.7,63.78,4,2,3424.53
28,0,172.69,98.19,0,2,2633.85
52,0,183.67,60.79,3,0,1978.74
52,0,181.81,64.5,0,2,2151.6
60,0,160.8,68.59,0,1,1667.28
40,0,177.4,54.35,3,0,1970.78
50,1,156.59,69.77,3,2,2531.57
51,1,199.06,94.92,4,0,2942.54
37,0,180.86,95.21,3,2,3648.85
65,0,150.96,90.48,1,0,1594.61
29,1,183.34,70.19,1,0,1656.26
34,1,197.57,74.42,1,0,1933.85
26,0,154.39,118.01,4,1,3798.29
65,0,189.71,75.97,2,1,2403.57
36,1,184.41,53.07,3,1,2295.73
44,0,163.01,76.17,2,2,2762.61
19,1,196.14,58.71,4,0,2490.59
35,1,196.84,97.98,4,1,3552.79
26,1,158.77,76.41,4,1,2836.92
31,0,150.49,53.2,4,1,2333.45
43,0,177.98,83.07,4,0,2666.51
45,0,187.75,65.46,1,2,2525.65
20,0,162.93,117.55,3,2,4051.5
64,0,177.11,83.34,4,0,2549.74
33,1,154.24,91.55,2,1,2497.96
68,0,166.23,82.39,2,1,2320.02
22,1,194.71,59.37,2,2,2686.63
46,0,182.56,111.62,3,1,3580.71
37,1,193.59,92.55,0,1,2110.81
26,1,179.1,80.42,2,0,1989.26
49,1,186.48,110.38,3,1,3321.66
66,1,170.81,93.57,1,0,1519.48
20,1,174.94,54.97,4,0,2167.92
62,1,164.36,63.2,0,2,1659.13
58,0,199.82,98.06,3,1,3281.36
52,1,174.07,104.69,4,2,3459.65
28,0,196.83,117.48,1,2,3464.07
66,0,193.4,112.19,1,1,2946.75
20,1,159.06,101.83,2,0,2095.81
24,0,153.21,72.19,2,0,1983.48
45,0,153.02,78.77,2,2,2711.68
44,1,153.61,58.47,4,1,2072.16
29,0,160.84,65.82,3,0,2098.53
55,1,198.47,114.16,4,2,3847.66
57,0,180.08,57.77,0,2,1816.68
49,0,158.24,67.56,2,1,2186.53
25,0,150.26,103.59,2,2,3119.12
27,0,176.17,57.93,4,0,2370.77
54,0,191.58,61.41,1,2,2467.78
47,0,152.61,73.27,1,0,1472.71
40,0,153.62,94.19,0,2,2369.68
53,0,197.77,82.18,0,0,1497.58
63,0,159.07,102.74,0,0,1611.12
50,1,184.78,72.77,2,0,1895.93
25,0,197.9,118.12,3,0,3430.08
61,0,160.68,116.25,0,1,2274.95
19,0,154.09,68.5,0,0,1271.19
29,0,193.67,58.44,3,0,2338.38
29,1,171.88,61.6,0,2,1914.67
60,1,174.23,83.81,1,1,2094.28
66,0,186.32,106.76,0,2,2725.53
18,0,189.24,70.76,3,2,3498.85
68,0,183.45,117.8,1,1,2827.52
42,1,172.72,60.31,0,0,925.52
54,0,151.68,88.42,3,0,2021.32
28,0,180.8,87.74,3,1,3240.07
63,0,167.58,70.96,1,2,2187.6
25,1,163.85,91.26,0,1,2062.18
68,1,187.76,75.2,0,1,1740.17
36,0,186.82,71.79,2,1,2690.07
50,1,196.66,98.62,0,1,2107.39
32,0,182.1,92.24,4,1,3643.75
42,0,183.25,50.31,3,1,2446.48
34,0,196.04,91.93,2,2,3353.27
54,1,198.42,56.68,3,2,2741.51
54,0,158.98,74.02,0,2,2007.03
34,1,187.97,108.3,2,0,2456.19
52,0,150.55,59.86,4,2,2730.44
28,1,159.26,61.32,3,1,2223.78
34,0,188.24,112.52,2,0,2888.46
45,1,180.76,50.96,2,2,2219.84
31,0,193.64,99.26,3,0,2922.41
49,0,161.88,101.04,3,1,3061.21
37,0,150.16,99.88,1,0,1946.0
27,1,163.25,96.66,3,1,2851.49
55,1,178.53,74.31,4,2,2795.32
36,0,182.97,109.76,0,2,2666.69
44,0,190.3,55.44,0,2,2095.64
59,0,180.43,69.45,4,2,3296.35
61,1,162.03,75.0,2,2,2514.09
44,0,180.17,85.79,4,2,3582.93
23,1,166.85,112.31,1,1,2694.62
54,0,184.44,73.21,4,2,3271.91
47,1,174.41,81.34,0,1,1656.22
42,0,168.79,85.04,1,0,1795.67
67,1,172.61,52.17,1,2,1870.19
47,0,197.78,81.38,3,0,2732.61
46,1,153.01,98.48,3,2,3019.96
54,1,195.62,50.82,2,2,2234.71
63,0,169.02,67.72,1,2,2430.01
42,1,154.43,107.93,4,0,2595.02
52,1,161.69,99.49,1,2,2540.46
29,0,150.29,60.42,4,2,2908.66
20,0,192.1,57.38,0,1,1918.64
58,1,165.77,80.3,2,2,2524.65
43,0,170.89,82.13,0,2,2530.66
57,0,152.6,95.4,4,1,3064.86
34,1,178.06,117.95,1,2,2938.42
54,1,190.08,70.34,3,1,2537.64
45,0,157.95,106.0,0,0,1900.1
62,0,153.85,52.97,1,0,1259.51
31,1,195.09,109.06,2,1,3128.82
68,0,172.91,99.34,3,2,3282.14
41,1,169.93,50.69,2,0,1227.35
43,1,176.17,108.79,1,1,2618.89
63,1,172.99,76.02,4,2,2739.96
68,0,178.07,96.27,2,1,2814.33
31,0,157.55,87.85,0,1,2011.01
49,1,167.96,81.25,2,1,2115.67
39,0,190.59,77.85,0,0,1583.03
66,0,160.01,50.54,0,1,1465.25
43,0,180.03,83.06,1,0,2028.86
32,1,199.06,54.87,0,2,1982.55
27,0,154.05,75.75,0,1,1822.6
46,1,185.7,56.1,3,1,2198.51
42,0,157.51,99.82,4,2,3799.53
68,0,186.54,116.11,1,0,2185.23
25,1,156.77,77.76,2,2,2695.08
62,1,174.15,107.2,0,2,2236.02
59,1,151.36,101.56,0,2,2250.87
55,0,186.3,74.71,3,1,2938.79
42,1,161.5,53.37,0,0,988.8
60,1,177.48,104.1,2,1,2753.93
49,0,172.27,71.44,3,1,2734.2
38,1,164.88,91.38,0,2,2145.1
30,1,157.6,104.12,1,0,1799.42
46,1,152.1,101.02,1,2,2517.64
25,0,163.71,69.0,1,2,2417.08
49,0,188.24,78.3,4,2,3651.54
32,0,170.94,53.96,3,2,2705.84
68,1,193.41,55.61,4,1,2327.59
49,0,190.15,50.62,1,2,2375.13
35,1,179.0,91.34,4,0,2807.07
42,1,163.63,51.0,3,2,2240.67
55,1,188.05,50.0,2,1,1865.63
30,1,156.67,88.25,0,2,2119.11
66,0,186.26,111.16,2,2,3377.26
60,0,191.23,107.33,0,2,2553.97
41,0,187.29,86.58,1,1,2642.26
26,1,162.73,81.19,2,0,1888.28
21,1,189.31,68.72,2,2,2915.94
35,0,188.01,106.78,2,0,2922.28
62,0,186.64,104.63,1,0,2111.64
21,1,182.05,51.03,1,2,2204.92
56,0,182.81,69.77,0,2,2125.07
57,0,169.1,74.99,3,0,2138.44
46,0,182.58,96.75,4,2,3781.32
22,1,152.93,68.57,3,2,2793.65
20,0,177.25,90.71,3,1,3176.17
46,0,182.51,70.53,4,2,3469.11
64,1,178.37,109.21,3,1,2932.64
22,0,199.62,116.55,0,1,2615.55
35,0,196.6,71.28,4,1,3350.08
59,1,150.32,97.33,1,2,2409.64
58,0,186.1,96.41,2,0,2365.52
36,0,197.03,51.76,1,0,1690.95
23,0,159.98,81.94,0,0,1565.06
57,1,184.75,57.3,0,2,1716.24
39,1,187.18,108.9,3,0,2750.92
56,0,167.37,101.29,3,2,3418.34
45,1,185.79,58.61,1,0,1414.72
29,0,184.5,117.49,3,0,3226.53
53,1,166.35,71.29,2,0,1420.54
63,0,159.79,93.86,2,0,2092.38
24,0,199.33,70.25,4,2,3773.96
60,1,161.4,55.06,3,2,2280.69
29,0,183.02,67.31,2,1,2794.16
38,0,165.36,117.02,4,0,3311.91
58,1,190.7,67.26,1,2,2343.31
62,0,196.36,99.91,1,1,2612.15
18,1,174.03,116.54,2,0,2606.62
52,1,187.48,88.27,0,2,2345.91
64,0,190.02,69.33,1,2,2453.58
69,0,181.86,105.52,0,0,1822.78
65,0,150.58,92.5,0,1,1838.88
32,1,159.21,99.98,1,1,2365.35
69,0,177.69,107.55,3,1,3142.84
27,1,164.94,76.9,1,0,1636.91
64,0,189.9,50.58,2,0,1480.9
34,0,187.91,118.38,3,2,3881.45
38,0,166.41,75.85,1,1,2099.19
57,1,185.42,73.46,0,0,1254.88
68,1,178.38,64.49,0,0,943.49
20,0,188.99,69.55,3,2,3415.83
64,0,154.83,84.57,3,0,2085.99
23,1,150.38,114.85,4,0,3224.89
47,0,160.96,71.66,4,2,3120.74
49,1,189.19,52.63,4,2,2552.15
66,0,171.93,92.88,3,1,2888.78
63,1,174.05,118.94,3,1,3173.28
26,0,165.05,105.19,3,0,2977.91
28,0,176.62,93.49,4,1,3607.15
31,0,170.21,100.55,4,2,4005.92
37,0,158.0,54.83,4,0,2102.28
67,0,162.61,85.42,2,1,2244.5
58,1,188.82,110.67,3,1,3199.33
18,1,175.78,107.87,2,2,3362.68
24,1,166.91,53.14,3,2,2553.87
23,0,156.54,92.08,4,0,2893.44
18,0,158.87,116.53,4,1,4023.18
61,1,153.97,84.77,4,1,2719.23
23,0,199.56,106.28,3,1,3815.83
64,0,177.99,115.29,1,2,3053.53
39,0,161.03,98.8,0,0,1720.72
67,0,152.85,70.3,3,1,2308.23
49,0,173.73,92.4,4,0,2729.47
25,1,184.01,75.83,0,1,2046.5
49,1,155.23,52.57,2,0,1237.41
37,1,175.13,91.66,3,1,2990.22
45,1,196.87,90.61,1,0,1810.51
57,0,184.06,60.0,0,1,1869.81
42,1,196.4,103.27,3,2,3384.7
30,0,176.65,67.28,2,2,2677.44
58,1,171.06,110.32,4,1,3270.65
45,0,168.4,65.83,0,0,1338.94
41,0,188.83,52.43,4,1,2782.5
29,1,171.62,118.32,3,2,3713.97
50,0,162.84,69.51,2,2,2620.07
69,0,174.76,101.2,2,2,3068.5
67,0,193.89,68.98,0,2,2160.54
40,1,154.17,67.39,1,1,1730.25
50,0,156.76,71.83,2,2,2553.07
31,0,154.12,108.06,1,1,2746.89
50,1,173.13,54.97,4,1,2171.78
33,1,180.85,98.04,1,1,2362.36
67,0,193.83,50.1,1,0,1468.94
33,1,154.46,53.37,1,0,1112.06
41,1,163.74,55.1,0,2,1646.89
59,1,184.62,107.58,3,1,3155.34
50,0,151.28,90.15,2,0,1902.14
35,1,163.71,91.89,1,1,2206.08
65,1,183.38,110.9,2,2,2979.12
47,1,198.6,57.1,4,0,2133.74
54,1,198.29,86.49,2,2,2832.42
50,0,156.01,111.4,2,1,2878.11
45,0,199.82,101.05,4,1,3681.18
23,0,175.74,105.23,0,2,2675.13
53,1,193.36,107.98,4,0,2999.02
25,0,180.89,117.65,0,2,2812.13
42,0,172.49,119.39,0,2,2668.26
48,1,155.07,75.11,3,1,2296.42
50,1,193.41,81.78,1,0,1844.52
56,1,152.6,85.89,4,1,2509.04
34,1,162.96,108.73,4,0,2937.95
64,1,194.1,116.6,3,2,3722.5
48,0,173.07,118.68,2,1,3111.07
30,1,199.92,114.47,0,2,2841.89
43,0,173.26,105.23,3,2,3629.46
43,0,172.02,101.71,0,1,2096.98
46,1,177.0,70.86,1,0,1409.41
22,1,168.11,89.35,4,1,3059.57
21,1,179.65,105.89,4,0,3161.61
20,1,165.59,58.79,0,2,1777.89
38,0,153.13,70.13,2,0,1724.04
68,1,198.16,104.18,1,2,2589.4
67,0,180.75,94.41,0,0,1632.92
45,0,166.84,116.85,2,1,3145.68
34,0,169.58,79.58,4,1,3162.82
69,0,182.82,114.37,3,0,2860.64
33,0,182.54,50.27,3,0,2090.33
63,1,188.46,50.85,1,2,1908.16
54,1,156.39,116.98,4,0,2942.06
24,1,152.29,57.77,2,1,1984.84
69,1,194.0,108.75,4,0,2946.85
50,1,151.29,97.43,0,2,2138.27
48,0,180.51,88.69,2,2,3177.15
36,1,188.06,54.98,3,1,2448.57
39,0,198.49,99.39,1,0,2496.71
47,0,194.04,74.36,2,0,2160.64
28,1,184.16,73.97,3,2,3206.34
50,0,178.92,104.27,0,0,1979.06
69,1,158.37,65.33,0,2,1782.81
35,0,163.49,83.99,0,0,1488.83
66,0,198.22,117.03,0,0,2078.23
56,0,189.48,50.11,0,0,1172.91
66,0,196.72,59.41,0,0,1317.82
50,0,166.71,92.11,0,0,1616.07
43,0,181.66,54.62,3,0,1968.63
18,0,176.79,98.09,1,2,3059.6
20,0,171.78,105.59,4,2,4025.12
45,0,160.12,53.82,0,2,1855.57
37,1,193.41,80.83,4,0,2725.72
62,0,153.6,93.56,2,1,2425.35
41,0,169.62,91.42,2,1,2650.89
56,1,150.61,63.31,4,1,2038.01
64,0,188.84,50.85,4,1,2686.71
32,0,168.43,91.53,4,2,3874.9
66,0,180.4,109.29,3,0,2789.95
57,0,197.18,66.93,4,1,2884.35
54,1,186.22,60.0,0,2,1811.37
52,1,198.86,77.66,4,2,3501.42
58,0,193.35,94.53,2,0,2212.13
23,0,161.33,102.41,3,0,2805.03
45,1,174.58,80.13,3,2,3028.91
56,1,176.77,77.17,4,0,2343.39
61,1,157.93,59.94,1,2,1968.15
34,0,156.4,119.53,1,2,2993.49
59,0,172.3,110.08,1,0,1960.76
18,1,188.55,90.8,3,1,2988.92
24,1,192.21,75.52,2,2,2862.11
51,1,197.83,61.01,2,0,1712.02
63,1,158.4,113.43,4,0,2720.36
42,0,198.41,55.53,0,1,2008.59
